"full_name","address","date","integer","email"
"Robert Crockett","City","2040-05-15","234139993","ade3defa329001fc@gmail.com"
"Stanford Mccanna","City","2045-01-10","156202835","48703cc825e201cf@gmail.com"
"James Lux","City","2025-06-09","155989698","7019f234aab00a13@gmail.com"
"Valentin Mccleese","City","2030-05-24","216558849","068ad0c91c6a35cb@gmail.com"
"Lillian Howard","City","2025-08-23","42978179","7bb347b10024dee1@gmail.com"
"Brenda Johnson","City","2037-01-12","110689386","35dff72fdb17a50d@gmail.com"
"Matthew Gutknecht","City","2049-09-30","22455884","1c18c219c0881e0d@gmail.com"
"Dorothy Ruth","City","2044-06-27","71762460","44f7d59f420201d8@gmail.com"
"Lina Zanders","City","2026-09-23","143668297","120ae6f98f36b92d@gmail.com"
"Susan Smith","City","2034-03-27","58641679","d95a71c694462ac2@gmail.com"
